1696510105461047298,mqttBench
1696510108673884162,mqttBench
1696510108678078466,mqttBench
1696510108678078467,mqttBench
1696510108686467074,mqttBench
1696510108699049986,mqttBench
1696510108703244289,mqttBench
1696510108720021505,mqttBench
1696510108724215810,mqttBench
1696510108728410113,mqttBench
1696510108736798722,mqttBench
1696510108736798723,mqttBench
1696510108740993026,mqttBench
1696510108740993027,mqttBench
1696510108749381633,mqttBench
1696510108761964546,mqttBench
1696510108774547458,mqttBench
1696510108778741761,mqttBench
1696510108778741762,mqttBench
1696510108778741763,mqttBench
1696510108778741764,mqttBench
1696510108782936065,mqttBench
1696510108787130370,mqttBench
1696510108791324673,mqttBench
1696510108791324674,mqttBench
1696510108791324675,mqttBench
1696510108791324676,mqttBench
1696510108795518978,mqttBench
1696510108795518979,mqttBench
1696510108795518980,mqttBench
1696510108820684801,mqttBench
1696510108837462017,mqttBench
1696510108841656322,mqttBench
1696510108841656323,mqttBench
1696510108845850625,mqttBench
1696510108845850626,mqttBench
1696510108850044929,mqttBench
1696510108850044930,mqttBench
1696510108850044931,mqttBench
1696510108854239233,mqttBench
1696510108854239234,mqttBench
1696510108854239235,mqttBench
1696510108858433538,mqttBench
1696510108871016450,mqttBench
1696510108871016451,mqttBench
1696510108871016452,mqttBench
1696510108875210753,mqttBench
1696510108879405057,mqttBench
1696510108879405058,mqttBench
1696510108883599361,mqttBench
1696510108883599362,mqttBench
1696510108883599363,mqttBench
1696510108883599364,mqttBench
1696510108883599365,mqttBench
1696510108891987969,mqttBench
1696510108891987970,mqttBench
1696510108891987971,mqttBench
1696510108891987972,mqttBench
1696510108896182274,mqttBench
1696510108900376577,mqttBench
1696510108908765185,mqttBench
1696510108908765186,mqttBench
1696510108912959490,mqttBench
1696510108912959491,mqttBench
1696510108912959492,mqttBench
1696510108912959493,mqttBench
1696510108917153793,mqttBench
1696510108917153794,mqttBench
1696510108917153795,mqttBench
1696510108917153796,mqttBench
1696510108921348098,mqttBench
1696510108921348099,mqttBench
1696510108921348100,mqttBench
1696510108921348101,mqttBench
1696510108925542401,mqttBench
1696510108925542402,mqttBench
1696510108925542403,mqttBench
1696510108925542404,mqttBench
1696510108925542405,mqttBench
1696510108925542406,mqttBench
1696510108925542407,mqttBench
1696510108929736705,mqttBench
1696510108933931009,mqttBench
1696510108933931010,mqttBench
1696510108933931011,mqttBench
1696510108938125313,mqttBench
1696510108938125314,mqttBench
1696510108942319618,mqttBench
1696510108942319619,mqttBench
1696510108942319620,mqttBench
1696510108946513921,mqttBench
1696510108946513922,mqttBench
1696510108950708226,mqttBench
1696510108950708227,mqttBench
1696510108950708228,mqttBench
1696510108950708229,mqttBench
1696510108954902530,mqttBench
1696510108954902531,mqttBench
1696510108954902532,mqttBench
1696510108959096834,mqttBench
1696510108959096835,mqttBench
1696510108963291138,mqttBench
1696510108967485441,mqttBench
1696510108967485442,mqttBench
1696510108967485443,mqttBench
1696510108967485444,mqttBench
1696510108967485445,mqttBench
1696510108971679746,mqttBench
1696510108971679747,mqttBench
1696510108971679748,mqttBench
1696510108971679749,mqttBench
1696510108975874049,mqttBench
1696510108975874050,mqttBench
1696510108975874051,mqttBench
1696510108975874052,mqttBench
1696510108975874053,mqttBench
1696510108980068354,mqttBench
1696510108980068355,mqttBench
1696510108980068356,mqttBench
1696510108984262657,mqttBench
1696510108984262658,mqttBench
1696510108984262659,mqttBench
1696510108984262660,mqttBench
1696510108984262661,mqttBench
1696510108984262662,mqttBench
1696510108988456961,mqttBench
1696510108988456962,mqttBench
1696510108988456963,mqttBench
1696510108992651266,mqttBench
1696510108992651267,mqttBench
1696510108992651268,mqttBench
1696510108992651269,mqttBench
1696510108992651270,mqttBench
1696510108992651271,mqttBench
1696510108992651272,mqttBench
1696510109001039874,mqttBench
1696510109013622785,mqttBench
1696510109013622786,mqttBench
1696510109013622787,mqttBench
1696510109013622788,mqttBench
1696510109013622789,mqttBench
1696510109013622790,mqttBench
1696510109013622791,mqttBench
1696510109013622792,mqttBench
1696510109017817089,mqttBench
1696510109017817090,mqttBench
1696510109017817091,mqttBench
1696510109017817092,mqttBench
1696510109017817093,mqttBench
1696510109017817094,mqttBench
1696510109017817095,mqttBench
1696510109017817096,mqttBench
1696510109017817097,mqttBench
1696510109022011393,mqttBench
1696510109022011394,mqttBench
1696510109022011395,mqttBench
1696510109022011396,mqttBench
1696510109022011397,mqttBench
1696510109022011398,mqttBench
1696510109022011399,mqttBench
1696510109022011400,mqttBench
1696510109022011401,mqttBench
1696510109026205697,mqttBench
1696510109026205698,mqttBench
1696510109026205699,mqttBench
1696510109026205700,mqttBench
1696510109026205701,mqttBench
1696510109026205702,mqttBench
1696510109026205703,mqttBench
1696510109026205704,mqttBench
1696510109026205705,mqttBench
1696510109030400001,mqttBench
1696510109030400002,mqttBench
1696510109030400003,mqttBench
1696510109034594306,mqttBench
1696510109034594307,mqttBench
1696510109034594308,mqttBench
1696510109034594309,mqttBench
1696510109034594310,mqttBench
1696510109034594311,mqttBench
1696510109034594312,mqttBench
1696510109038788610,mqttBench
1696510109038788611,mqttBench
1696510109038788612,mqttBench
1696510109038788613,mqttBench
1696510109038788614,mqttBench
1696510109038788615,mqttBench
1696510109038788616,mqttBench
1696510109042982914,mqttBench
1696510109042982915,mqttBench
1696510109042982916,mqttBench
1696510109042982917,mqttBench
1696510109042982918,mqttBench
1696510109042982919,mqttBench
1696510109047177217,mqttBench
1696510109063954433,mqttBench
1696510109072343041,mqttBench
1696510109072343042,mqttBench
1696510109076537346,mqttBench
1696510109076537347,mqttBench
1696510109076537348,mqttBench
1696510109076537349,mqttBench
1696510109076537350,mqttBench
1696510109076537351,mqttBench
1696510109076537352,mqttBench
1696510109080731650,mqttBench
1696510109080731651,mqttBench
1696510109080731652,mqttBench
1696510109080731653,mqttBench
1696510109080731654,mqttBench
1696510109080731655,mqttBench
1696510109080731656,mqttBench
1696510109080731657,mqttBench
1696510109080731658,mqttBench
1696510109084925953,mqttBench
1696510109084925954,mqttBench
1696510109097508865,mqttBench
1696510109097508866,mqttBench
1696510109097508867,mqttBench
1696510109101703170,mqttBench
1696510109101703171,mqttBench
1696510109101703172,mqttBench
1696510109101703173,mqttBench
1696510109101703174,mqttBench
1696510109101703175,mqttBench
1696510109105897474,mqttBench
1696510109105897475,mqttBench
1696510109105897476,mqttBench
1696510109105897477,mqttBench
1696510109110091778,mqttBench
1696510109110091779,mqttBench
1696510109110091780,mqttBench
1696510109114286082,mqttBench
1696510109126868993,mqttBench
1696510109139451906,mqttBench
1696510109143646210,mqttBench
1696510109143646211,mqttBench
1696510109143646212,mqttBench
1696510109143646213,mqttBench
1696510109143646214,mqttBench
1696510109143646215,mqttBench
1696510109143646216,mqttBench
1696510109147840513,mqttBench
1696510109147840514,mqttBench
1696510109147840515,mqttBench
1696510109147840516,mqttBench
1696510109147840517,mqttBench
1696510109147840518,mqttBench
1696510109152034817,mqttBench
1696510109152034818,mqttBench
1696510109156229121,mqttBench
1696510109164617729,mqttBench
1696510109164617730,mqttBench
1696510109173006337,mqttBench
1696510109173006338,mqttBench
1696510109177200642,mqttBench
1696510109193977857,mqttBench
1696510109219143682,mqttBench
1696510109227532289,mqttBench
1696510109227532290,mqttBench
1696510109227532291,mqttBench
1696510109227532292,mqttBench
1696510109227532293,mqttBench
1696510109227532294,mqttBench
1696510109227532295,mqttBench
1696510109227532296,mqttBench
1696510109231726593,mqttBench
1696510109231726594,mqttBench
1696510109231726595,mqttBench
1696510109231726596,mqttBench
1696510109231726597,mqttBench
1696510109231726598,mqttBench
1696510109231726599,mqttBench
1696510109231726600,mqttBench
1696510109231726601,mqttBench
1696510109231726602,mqttBench
1696510109231726603,mqttBench
1696510109231726604,mqttBench
1696510109235920897,mqttBench
1696510109235920898,mqttBench
1696510109235920899,mqttBench
1696510109235920900,mqttBench
1696510109235920901,mqttBench
1696510109240115202,mqttBench
1696510109240115203,mqttBench
1696510109240115204,mqttBench
1696510109240115205,mqttBench
1696510109240115206,mqttBench
1696510109244309506,mqttBench
1696510109244309507,mqttBench
1696510109244309508,mqttBench
1696510109244309509,mqttBench
1696510109244309510,mqttBench
1696510109248503809,mqttBench
1696510109248503810,mqttBench
1696510109252698114,mqttBench
1696510109252698115,mqttBench
1696510109252698116,mqttBench
1696510109252698117,mqttBench
1696510109252698118,mqttBench
1696510109252698119,mqttBench
1696510109252698120,mqttBench
1696510109256892417,mqttBench
1696510109256892418,mqttBench
1696510109256892419,mqttBench
1696510109256892420,mqttBench
1696510109256892421,mqttBench
1696510109256892422,mqttBench
1696510109256892423,mqttBench
1696510109256892424,mqttBench
1696510109256892425,mqttBench
1696510109261086722,mqttBench
1696510109261086723,mqttBench
1696510109261086724,mqttBench
1696510109261086725,mqttBench
1696510109261086726,mqttBench
1696510109261086727,mqttBench
1696510109261086728,mqttBench
1696510109265281026,mqttBench
1696510109265281027,mqttBench
1696510109265281028,mqttBench
1696510109265281029,mqttBench
1696510109265281030,mqttBench
1696510109265281031,mqttBench
1696510109265281032,mqttBench
1696510109265281033,mqttBench
1696510109265281034,mqttBench
1696510109265281035,mqttBench
1696510109265281036,mqttBench
1696510109265281037,mqttBench
1696510109265281038,mqttBench
1696510109269475329,mqttBench
1696510109269475330,mqttBench
1696510109269475331,mqttBench
1696510109269475332,mqttBench
1696510109269475333,mqttBench
1696510109269475334,mqttBench
1696510109269475335,mqttBench
1696510109269475336,mqttBench
1696510109269475337,mqttBench
1696510109269475338,mqttBench
1696510109269475339,mqttBench
1696510109273669633,mqttBench
1696510109273669634,mqttBench
1696510109273669635,mqttBench
1696510109273669636,mqttBench
1696510109273669637,mqttBench
1696510109273669638,mqttBench
1696510109273669639,mqttBench
1696510109273669640,mqttBench
1696510109277863938,mqttBench
1696510109277863939,mqttBench
1696510109277863940,mqttBench
1696510109277863941,mqttBench
1696510109277863942,mqttBench
1696510109277863943,mqttBench
1696510109277863944,mqttBench
1696510109277863945,mqttBench
1696510109277863946,mqttBench
1696510109277863947,mqttBench
1696510109277863948,mqttBench
1696510109277863949,mqttBench
1696510109282058242,mqttBench
1696510109282058243,mqttBench
1696510109282058244,mqttBench
1696510109282058245,mqttBench
1696510109282058246,mqttBench
1696510109282058247,mqttBench
1696510109282058248,mqttBench
1696510109282058249,mqttBench
1696510109282058250,mqttBench
1696510109282058251,mqttBench
1696510109286252546,mqttBench
1696510109286252547,mqttBench
1696510109286252548,mqttBench
1696510109290446850,mqttBench
1696510109303029762,mqttBench
1696510109307224066,mqttBench
1696510109311418370,mqttBench
1696510109311418371,mqttBench
1696510109311418372,mqttBench
1696510109311418373,mqttBench
1696510109311418374,mqttBench
1696510109311418375,mqttBench
1696510109315612674,mqttBench
1696510109315612675,mqttBench
1696510109315612676,mqttBench
1696510109315612677,mqttBench
1696510109319806978,mqttBench
1696510109328195585,mqttBench
1696510109336584193,mqttBench
1696510109344972801,mqttBench
1696510109357555714,mqttBench
1696510109357555715,mqttBench
1696510109357555716,mqttBench
1696510109357555717,mqttBench
1696510109357555718,mqttBench
1696510109361750017,mqttBench
1696510109361750018,mqttBench
1696510109361750019,mqttBench
1696510109361750020,mqttBench
1696510109361750021,mqttBench
1696510109361750022,mqttBench
1696510109361750023,mqttBench
1696510109361750024,mqttBench
1696510109361750025,mqttBench
1696510109361750026,mqttBench
1696510109365944322,mqttBench
1696510109370138625,mqttBench
1696510109370138626,mqttBench
1696510109370138627,mqttBench
1696510109374332930,mqttBench
1696510109374332931,mqttBench
1696510109374332932,mqttBench
1696510109374332933,mqttBench
1696510109374332934,mqttBench
1696510109374332935,mqttBench
1696510109374332936,mqttBench
1696510109374332937,mqttBench
1696510109374332938,mqttBench
1696510109374332939,mqttBench
1696510109374332940,mqttBench
1696510109374332941,mqttBench
1696510109374332942,mqttBench
1696510109374332943,mqttBench
1696510109378527233,mqttBench
1696510109378527234,mqttBench
1696510109378527235,mqttBench
1696510109378527236,mqttBench
1696510109378527237,mqttBench
1696510109378527238,mqttBench
1696510109378527239,mqttBench
1696510109378527240,mqttBench
1696510109378527241,mqttBench
1696510109378527242,mqttBench
1696510109378527243,mqttBench
1696510109382721538,mqttBench
1696510109382721539,mqttBench
1696510109382721540,mqttBench
1696510109382721541,mqttBench
1696510109382721542,mqttBench
1696510109382721543,mqttBench
1696510109382721544,mqttBench
1696510109382721545,mqttBench
1696510109382721546,mqttBench
1696510109382721547,mqttBench
1696510109382721548,mqttBench
1696510109386915842,mqttBench
1696510109386915843,mqttBench
1696510109386915844,mqttBench
1696510109386915845,mqttBench
1696510109386915846,mqttBench
1696510109386915847,mqttBench
1696510109386915848,mqttBench
1696510109386915849,mqttBench
1696510109386915850,mqttBench
1696510109386915851,mqttBench
1696510109386915852,mqttBench
1696510109386915853,mqttBench
1696510109386915854,mqttBench
1696510109386915855,mqttBench
1696510109386915856,mqttBench
1696510109391110145,mqttBench
1696510109391110146,mqttBench
1696510109391110147,mqttBench
1696510109391110148,mqttBench
1696510109391110149,mqttBench
1696510109391110150,mqttBench
1696510109391110151,mqttBench
1696510109391110152,mqttBench
1696510109391110153,mqttBench
1696510109391110154,mqttBench
1696510109391110155,mqttBench
1696510109391110156,mqttBench
1696510109395304450,mqttBench
1696510109395304451,mqttBench
1696510109395304452,mqttBench
1696510109395304453,mqttBench
1696510109395304454,mqttBench
1696510109395304455,mqttBench
1696510109395304456,mqttBench
1696510109395304457,mqttBench
1696510109395304458,mqttBench
1696510109395304459,mqttBench
1696510109395304460,mqttBench
1696510109395304461,mqttBench
1696510109395304462,mqttBench
1696510109399498754,mqttBench
1696510109399498755,mqttBench
1696510109399498756,mqttBench
1696510109399498757,mqttBench
1696510109399498758,mqttBench
1696510109399498759,mqttBench
1696510109399498760,mqttBench
1696510109399498761,mqttBench
1696510109399498762,mqttBench
1696510109399498763,mqttBench
1696510109399498764,mqttBench